{
    "views": [
        {
            "kind": "Overview",
            "properties": {
                "header": "Welcome to your Demo Azure Managed Application",
                "description": "This Managed application with Custom Provider is for demo purposes only.",
                "commands": [
                    {
                        "displayName": "Ping Action",
                        "path": "/customping",
                        "icon": "LaunchCurrent"
                    }
                ]
            }
        },
        {
            "kind": "CustomResources",
            "properties": {
                "displayName": "Autos",
                "version": "1.0.0.0",
                "resourceType": "autos",
                "createUIDefinition": {
                    "parameters": {
                        "steps": [
                            {
                                "name": "add",
                                "label": "Add Automobile",
                                "elements": [
                                    {
                                        "name": "make",
                                        "label": "Make",
                                        "type": "Microsoft.Common.TextBox",
                                        "defaultValue": "",
                                        "toolTip": "Provide a full user name.",
                                        "constraints": {
                                            "required": true
                                        }
                                    },
                                    {
                                        "name": "model",
                                        "label": "Model",
                                        "type": "Microsoft.Common.TextBox",
                                        "defaultValue": "",
                                        "toolTip": "Provide a Location.",
                                        "constraints": {
                                            "required": true
                                        }
                                    }
                                ]
                            }
                        ],
                        "outputs": {
                            "name": "[steps('add').name]",
                            "properties": {
                                "Make": "[steps('add').make]",
                                "Model": "[steps('add').model]"
                            }
                        }
                    }
                },
                "commands": [
                    {
                        "displayName": "Custom Action",
                        "path": "autos/contextAction",
                        "icon": "Start"
                    }
                ],
                "columns": [
                    {
                        "key": "properties.Make",
                        "displayName": "Make"
                    },
                    {
                        "key": "properties.Model",
                        "displayName": "Model",
                        "optional": true
                    }
                ]
            }
        }
    ]
}