{
  "$schema": "https://schema.management.azure.com/schemas/2019-04-01/deploymentTemplate.json#",
  "contentVersion": "1.0.0.0",
  "parameters": {
    "adminUsername": {
      "type": "string",
      "metadata": {
        "description": "Username for the Virtual Machine."
      }
    },
    "adminPassword": {
      "type": "securestring",
      "metadata": {
        "description": "Password for the Virtual Machine."
      }
    },
    "itemPrefix": {
      "type": "string",
      "metadata": {
        "description": "Unique string used to prefix resource names created in the project."
      }
    },
    "storageAccountName": {
        "type": "string"
    },
    "storageAccountType": {
        "type": "string"
    },
    "windowsOSVersion": {
      "type": "string",
      "defaultValue": "2022-Datacenter",
      "allowedValues": [
        "2019-Datacenter",
        "2022-Datacenter"
      ],
      "metadata": {
        "description": "The Windows version for the VM. This will pick a fully patched image of this given Windows version."
      }
    },
    "vmSize": {
      "type": "string",
      "defaultValue": "Standard_D2s_V3",
      "metadata": {
        "description": "Size of the virtual machine."
      }
    },
    "location": {
      "type": "string",
      "defaultValue": "[resourceGroup().location]",
      "metadata": {
        "description": "Location for all resources."
      }
    }
  },
  "variables": {
    "addressPrefix": "10.0.0.0/16",
    "domainNameLabel": "[concat(parameters('itemPrefix'), '-dnl')]",
    "networkSecurityGroupName": "[concat(parameters('itemPrefix'), '-nsg')]",
    "nicName": "[concat(parameters('itemPrefix'), '-nic')]",
    "publicIPAddressName": "[concat(parameters('itemPrefix'), '-ip')]",
    "storageAccountName": "[concat(parameters('itemPrefix'), uniquestring(resourceGroup().id))]",
    "subnetName": "Subnet",
    "subnetPrefix": "10.0.0.0/24",
    "subnetRef": "[resourceId('Microsoft.Network/virtualNetworks/subnets', variables('virtualNetworkName'), variables('subnetName'))]",
    "virtualNetworkName": "[concat(parameters('itemPrefix'), '-vnet')]",
    "vmName": "[concat(parameters('itemPrefix'), '-vm')]"
  },
  "resources": [
    {
      "type": "Microsoft.Storage/storageAccounts",
      "apiVersion": "2021-08-01",
      "name": "[parameters('storageAccountName')]",
      "location": "[parameters('location')]",
      "sku": {
        "name": "[parameters('storageAccountType')]"
      },
      "kind": "Storage",
      "properties": {}
    },
    {
      "type": "Microsoft.Network/publicIPAddresses",
      "apiVersion": "2020-06-01",
      "name": "[variables('publicIPAddressName')]",
      "location": "[parameters('location')]",
      "properties": {
        "publicIPAllocationMethod": "Dynamic",
        "dnsSettings": {
          "domainNameLabel": "[variables('domainNameLabel')]"
        }
      }
    },
    {
      "comments": "Default Network Security Group for template",
      "type": "Microsoft.Network/networkSecurityGroups",
      "apiVersion": "2021-08-01",
      "name": "[variables('networkSecurityGroupName')]",
      "location": "[parameters('location')]",
      "properties": {
        "securityRules": [
          {
            "name": "default-allow-3389",
            "properties": {
              "priority": 1000,
              "access": "Allow",
              "direction": "Inbound",
              "destinationPortRange": "3389",
              "protocol": "Tcp",
              "sourcePortRange": "*",
              "sourceAddressPrefix": "*",
              "destinationAddressPrefix": "*"
            }
          }
        ]
      }
    },
    {
      "type": "Microsoft.Network/virtualNetworks",
      "apiVersion": "2020-06-01",
      "name": "[variables('virtualNetworkName')]",
      "location": "[parameters('location')]",
      "dependsOn": [
        "[resourceId('Microsoft.Network/networkSecurityGroups', variables('networkSecurityGroupName'))]"
      ],
      "properties": {
        "addressSpace": {
          "addressPrefixes": ["[variables('addressPrefix')]"]
        },
        "subnets": [
          {
            "name": "[variables('subnetName')]",
            "properties": {
              "addressPrefix": "[variables('subnetPrefix')]",
              "networkSecurityGroup": {
                "id": "[resourceId('Microsoft.Network/networkSecurityGroups', variables('networkSecurityGroupName'))]"
              }
            }
          }
        ]
      }
    },
    {
      "type": "Microsoft.Network/networkInterfaces",
      "apiVersion": "2020-06-01",
      "name": "[variables('nicName')]",
      "location": "[parameters('location')]",
      "dependsOn": [
        "[resourceId('Microsoft.Network/publicIPAddresses/', variables('publicIPAddressName'))]",
        "[resourceId('Microsoft.Network/virtualNetworks/', variables('virtualNetworkName'))]"
      ],
      "properties": {
        "ipConfigurations": [
          {
            "name": "ipconfig1",
            "properties": {
              "privateIPAllocationMethod": "Dynamic",
              "publicIPAddress": {
                "id": "[resourceId('Microsoft.Network/publicIPAddresses',variables('publicIPAddressName'))]"
              },
              "subnet": {
                "id": "[variables('subnetRef')]"
              }
            }
          }
        ]
      }
    },
    {
      "type": "Microsoft.Compute/virtualMachines",
      "apiVersion": "2020-06-01",
      "name": "[variables('vmName')]",
      "location": "[parameters('location')]",
      "identity": {
        "type": "systemAssigned"
      },
      "dependsOn": [
        "[resourceId('Microsoft.Storage/storageAccounts/', variables('storageAccountName'))]",
        "[resourceId('Microsoft.Network/networkInterfaces/', variables('nicName'))]"
      ],
      "properties": {
        "hardwareProfile": {
          "vmSize": "[parameters('vmSize')]"
        },
        "osProfile": {
          "computerName": "[variables('vmName')]",
          "adminUsername": "[parameters('adminUsername')]",
          "adminPassword": "[parameters('adminPassword')]"
        },
        "storageProfile": {
          "imageReference": {
            "publisher": "MicrosoftWindowsServer",
            "offer": "WindowsServer",
            "sku": "[parameters('windowsOSVersion')]",
            "version": "latest"
          },
          "osDisk": {
            "createOption": "FromImage"
          },
          "dataDisks": [
            {
              "diskSizeGB": 1023,
              "lun": 0,
              "createOption": "Empty"
            }
          ]
        },
        "networkProfile": {
          "networkInterfaces": [
            {
              "id": "[resourceId('Microsoft.Network/networkInterfaces',variables('nicName'))]"
            }
          ]
        },
        "diagnosticsProfile": {
          "bootDiagnostics": {
            "enabled": true,
            "storageUri": "[reference(resourceId('Microsoft.Storage/storageAccounts/', variables('storageAccountName'))).primaryEndpoints.blob]"
          }
        }
      }
    },
    {
      "apiVersion": "2020-04-01-preview",
      "name": "[guid(resourceGroup().id)]",
      "type": "Microsoft.Authorization/roleAssignments",
      "dependsOn": [
        "[resourceId('Microsoft.Compute/virtualMachines', variables('vmName'))]"
      ],
      "properties": {
        "roleDefinitionId": "[subscriptionResourceId('Microsoft.Authorization/roleDefinitions', 'acdd72a7-3385-48ef-bd42-f606fba81ae7')]",
        "principalId": "[reference(variables('vmName'),'2021-11-01', 'Full').identity.principalId]",
        "delegatedManagedIdentityResourceId": "[resourceId('Microsoft.Compute/virtualMachines', variables('vmName'))]", 
        "scope": "[resourceGroup().id]",
        "principalType": "ServicePrincipal"
      }
    }
  ],
  "outputs": {
    "hostname": {
      "type": "string",
      "value": "[reference(variables('publicIPAddressName')).dnsSettings.fqdn]"
    }
  }
}